ContactName,EmailAdress,POAddressLine1,POAddressLine2,POAddressLine3,POAddressLine4,POCity,PORegion,POPostalCode,POCountry,InvoiceNumber,Company Code,InvoiceDate,DueDate,Total,InventoryItemCode,Description,Quantiy,UnitAmount,Discount,AccountCode,TaxType,Quantity
DP Dumfries Ltd,,,,,,,,,,STRAVA - 199,DPDUM,30/11/2024,30/11/2024,,,HO and Management cost recharges for the month of November 2024,,5250.41,,4000,20% (VAT on Income),1
DPRS (Beverley) Ltd,,,,,,,,,,STRAVA - 200,DPRBV,30/11/2024,30/11/2024,,,HO and Management cost recharges for the month of November 2024,,6365.23,,4000,20% (VAT on Income),1
DPRS (Barnsley) Ltd,,,,,,,,,,STRAVA - 201,DPRBN,30/11/2024,30/11/2024,,,HO and Management cost recharges for the month of November 2024,,4968.5,,4000,20% (VAT on Income),1
DPRS (Cockermouth) Ltd,,,,,,,,,,STRAVA - 202,DPRCO,30/11/2024,30/11/2024,,,HO and Management cost recharges for the month of November 2024,,6326.46,,4000,20% (VAT on Income),1
DPRS (Holderness) Ltd,,,,,,,,,,STRAVA - 203,DPRHO,30/11/2024,30/11/2024,,,HO and Management cost recharges for the month of November 2024,,6369.33,,4000,20% (VAT on Income),1
DPRS (Kingswood) Ltd,,,,,,,,,,STRAVA - 204,DPRKI,30/11/2024,30/11/2024,,,HO and Management cost recharges for the month of November 2024,,6343.45,,4000,20% (VAT on Income),1
DPRS Liverpool Limited,,,,,,,,,,STRAVA - 205,DPRLI,30/11/2024,30/11/2024,,,HO and Management cost recharges for the month of November 2024,,11427.46,,4000,20% (VAT on Income),1
DPRS North Limited,,,,,,,,,,STRAVA - 206,DPRNO,30/11/2024,30/11/2024,,,HO and Management cost recharges for the month of November 2024,,6370.44,,4000,20% (VAT on Income),1
DPRS (Stranraer) Limited,,,,,,,,,,STRAVA - 207,DPRST,30/11/2024,30/11/2024,,,HO and Management cost recharges for the month of November 2024,,6919.22,,4000,20% (VAT on Income),1
DPRS (Todmorden) Ltd,,,,,,,,,,STRAVA - 208,DPRTO,30/11/2024,30/11/2024,,,HO and Management cost recharges for the month of November 2024,,6430.26,,4000,20% (VAT on Income),1
DPRS (Windermere) Ltd,,,,,,,,,,STRAVA - 209,DPRWI,30/11/2024,30/11/2024,,,HO and Management cost recharges for the month of November 2024,,7073.85,,4000,20% (VAT on Income),1
JMP (Leeds) Ltd,,,,,,,,,,STRAVA - 210,JMPLE,30/11/2024,30/11/2024,,,HO and Management cost recharges for the month of November 2024,,6497.7,,4000,20% (VAT on Income),1
JMP (Liverpool) Limited,,,,,,,,,,STRAVA - 211,JMPLI,30/11/2024,30/11/2024,,,HO and Management cost recharges for the month of November 2024,,6632.63,,4000,20% (VAT on Income),1
LD4 Trading Ltd,,,,,,,,,,STRAVA - 212,LD4T,30/11/2024,30/11/2024,,,HO and Management cost recharges for the month of November 2024,,26315.25,,4000,20% (VAT on Income),1
South Yorkshire Pizza Ltd,,,,,,,,,,STRAVA - 213,SYPIL,30/11/2024,30/11/2024,,,HO and Management cost recharges for the month of November 2024,,47535.85,,4000,20% (VAT on Income),1
3D Coffee Limited,,,,,,,,,,STRAVA - 214,3DCOF,30/11/2024,30/11/2024,,,HO and Management cost recharges for the month of November 2024,,1931.35,,4000,20% (VAT on Income),1
3D Coffee (Corby) Limited,,,,,,,,,,STRAVA - 215,3DCOR,30/11/2024,30/11/2024,,,HO and Management cost recharges for the month of November 2024,,2101.62,,4000,20% (VAT on Income),1
3D Coffee (Newport Pagnell) Limited,,,,,,,,,,STRAVA - 216,3DNEW,30/11/2024,30/11/2024,,,HO and Management cost recharges for the month of November 2024,,2114.79,,4000,20% (VAT on Income),1
3D Coffee (Oadby) Limited,,,,,,,,,,STRAVA - 217,3DOAD,30/11/2024,30/11/2024,,,HO and Management cost recharges for the month of November 2024,,12022.07,,4000,20% (VAT on Income),1
3D Coffee (Weston Favell) Limited,,,,,,,,,,STRAVA - 218,3DWFV,30/11/2024,30/11/2024,,,HO and Management cost recharges for the month of November 2024,,3780.2,,4000,20% (VAT on Income),1
DS Coffee (Allenton) Ltd,,,,,,,,,,STRAVA - 219,DSATN,30/11/2024,30/11/2024,,,HO and Management cost recharges for the month of November 2024,,3438.04,,4000,20% (VAT on Income),1
DS Group (Cardigan) Limited,,,,,,,,,,STRAVA - 220,DSCAR,30/11/2024,30/11/2024,,,HO and Management cost recharges for the month of November 2024,,7072.3,,4000,20% (VAT on Income),1
DS Coffee (Oakham) Limited,,,,,,,,,,STRAVA - 221,DSOAK,30/11/2024,30/11/2024,,,HO and Management cost recharges for the month of November 2024,,3580.35,,4000,20% (VAT on Income),1
DS Coffee (Wellingborough) Ltd,,,,,,,,,,STRAVA - 222,DSWEL,30/11/2024,30/11/2024,,,HO and Management cost recharges for the month of November 2024,,3495.77,,4000,20% (VAT on Income),1
Hibrid Solutions Ltd,,,,,,,,,,STRAVA - 223,HIBRID,30/11/2024,30/11/2024,,,HO and Management cost recharges for the month of November 2024,,5170.04,,4000,20% (VAT on Income),1
RS1 Fitness Ltd,,,,,,,,,,STRAVA - 224,RS1FI,30/11/2024,30/11/2024,,,HO and Management cost recharges for the month of November 2024,,4539.67,,4000,20% (VAT on Income),1
RS2 Fitness Ltd,,,,,,,,,,STRAVA - 225,RS2FI,30/11/2024,30/11/2024,,,HO and Management cost recharges for the month of November 2024,,5208.35,,4000,20% (VAT on Income),1
RS Coffee (Acocks Green) Ltd,,,,,,,,,,STRAVA - 226,RSCAG,30/11/2024,30/11/2024,,,HO and Management cost recharges for the month of November 2024,,2063.98,,4000,20% (VAT on Income),1
RS Coffee (Bromsgrove) Limited,,,,,,,,,,STRAVA - 227,RSCBG,30/11/2024,30/11/2024,,,HO and Management cost recharges for the month of November 2024,,2022.75,,4000,20% (VAT on Income),1
RS Coffee (Bearwood) Limited,,,,,,,,,,STRAVA - 228,RSCBW,30/11/2024,30/11/2024,,,HO and Management cost recharges for the month of November 2024,,2022.75,,4000,20% (VAT on Income),1
RS Coffee (Chelmsley Wood) Limited,,,,,,,,,,STRAVA - 229,RSCCW,30/11/2024,30/11/2024,,,HO and Management cost recharges for the month of November 2024,,2022.75,,4000,20% (VAT on Income),1
RS Coffee (Sheldon) Limited,,,,,,,,,,STRAVA - 230,RSCSN,30/11/2024,30/11/2024,,,HO and Management cost recharges for the month of November 2024,,2022.75,,4000,20% (VAT on Income),1
RS Coffee (Smethwick) Limited,,,,,,,,,,STRAVA - 231,RSCSW,30/11/2024,30/11/2024,,,HO and Management cost recharges for the month of November 2024,,2022.71,,4000,20% (VAT on Income),1
RSGD (Byres Road) Limited,,,,,,,,,,STRAVA - 232,RSDBR,30/11/2024,30/11/2024,,,HO and Management cost recharges for the month of November 2024,,3596.17,,4000,20% (VAT on Income),1
RSGD (Glasgow) Limited,,,,,,,,,,STRAVA - 233,RSDGL,30/11/2024,30/11/2024,,,HO and Management cost recharges for the month of November 2024,,3895.26,,4000,20% (VAT on Income),1
RSGD (Hull) Ltd,,,,,,,,,,STRAVA - 234,RSDHL,30/11/2024,30/11/2024,,,HO and Management cost recharges for the month of November 2024,,4070.79,,4000,20% (VAT on Income),1
RSGD (Metrocentre) Limited,,,,,,,,,,STRAVA - 235,RSDMC,30/11/2024,30/11/2024,,,HO and Management cost recharges for the month of November 2024,,5379.45,,4000,20% (VAT on Income),1
RSGD (Meadowhall) Limited,,,,,,,,,,STRAVA - 236,RSDMW,30/11/2024,30/11/2024,,,HO and Management cost recharges for the month of November 2024,,3798.21,,4000,20% (VAT on Income),1
RSGD (Newcastle) Limited,,,,,,,,,,STRAVA - 237,RSDNW,30/11/2024,30/11/2024,,,HO and Management cost recharges for the month of November 2024,,5605.14,,4000,20% (VAT on Income),1
RSGD (Rotherham) Limited,,,,,,,,,,STRAVA - 238,RSDRO,30/11/2024,30/11/2024,,,HO and Management cost recharges for the month of November 2024,,3994.71,,4000,20% (VAT on Income),1
RSGD (Sheff) Limited,,,,,,,,,,STRAVA - 239,RSDSF,30/11/2024,30/11/2024,,,HO and Management cost recharges for the month of November 2024,,4612.26,,4000,20% (VAT on Income),1
RSGD (Stockport) Limited,,,,,,,,,,STRAVA - 240,RSDSP,30/11/2024,30/11/2024,,,HO and Management cost recharges for the month of November 2024,,3605.47,,4000,20% (VAT on Income),1
RSGD (White Rose) Ltd,,,,,,,,,,STRAVA - 241,RSDWR,30/11/2024,30/11/2024,,,HO and Management cost recharges for the month of November 2024,,4281.24,,4000,20% (VAT on Income),1
Z & K Fast Food Ltd,,,,,,,,,,STRAVA - 242,Z&KFO,30/11/2024,30/11/2024,,,HO and Management cost recharges for the month of November 2024,,4019.02,,4000,20% (VAT on Income),1
Zaara 1 Limited,,,,,,,,,,STRAVA - 243,ZAARA,30/11/2024,30/11/2024,,,HO and Management cost recharges for the month of November 2024,,4632.52,,4000,20% (VAT on Income),1
RS Group Companies Limited,,,,,,,,,,STRAVA - 244,RSGCL,30/11/2024,30/11/2024,,,HO and Management cost recharges for the month of November 2024,,204.48,,4000,20% (VAT on Income),1
3D COFFEE (GROUP) LIMITED,,,,,,,,,,STRAVA - 245,3DGRP,30/11/2024,30/11/2024,,,HO and Management cost recharges for the month of November 2024,,6.25,,4000,20% (VAT on Income),1
RS Coffee Limited,,,,,,,,,,STRAVA - 246,RSCFE,30/11/2024,30/11/2024,,,HO and Management cost recharges for the month of November 2024,,80.91,,4000,20% (VAT on Income),1
DK COMMERCIAL PROPERTIES LIMITED,,,,,,,,,,STRAVA - 247,DKCOM,30/11/2024,30/11/2024,,,HO and Management cost recharges for the month of November 2024,,3496.11,,4000,20% (VAT on Income),1
